symbol,name,exchange,listing_date,ltp_count
AMZN,Amazon.com Inc,NASDAQ,15-05-1997,390
ANET,Arista Networks Inc,NYSE,06-06-2014,390
APA,APA Corporation,NASDAQ,15-05-1979,390
APH,Amphenol Corp - Class A,NYSE,08-11-1991,390
APLD,Applied Digital Corporation,NASDAQ,22-10-2008,390
APP,Applovin Corp - Class A,NASDAQ,15-04-2021,390
AR,Antero Resources Corp,NYSE,10-10-2013,390
ARKK,ARK INNOVATION ETF ,NYSE ARCA,31-10-2014,390
ARM,Arm Holdings plc.,NASDAQ,14-09-2023,390
ARQT,Arcutis Biotherapeutics Inc,NASDAQ,31-01-2020,390
AS,Amer Sports Inc,NYSE,01-02-2024,390
ASTS,AST SpaceMobile Inc - Class A,NASDAQ,01-11-2019,390
AUR,Aurora Innovation Inc - Class A,NASDAQ,10-05-2021,390
AVDX,AvidXchange Holdings Inc,NASDAQ,13-10-2021,390
AVGO,Broadcom Inc,NASDAQ,06-08-2009,390
AVTR,Avantor Inc,NYSE,17-05-2019,390
AZN,Astrazeneca plc,NASDAQ,17-05-1993,390
BA,Boeing Company,NYSE,02-01-1962,390
BABA,Alibaba Group Holding Ltd,NYSE,19-09-2014,390
BAC,Bank Of America Corp,NYSE,29-05-1986,390
BBAI,BigBear.ai Inc,NYSE,17-12-2021,390
BBD,Banco Bradesco S.A.,NYSE,23-11-2001,390
BCRX,Biocryst Pharmaceuticals Inc,NASDAQ,04-03-1994,390
BDX,Becton Dickinson & Company,NYSE,06-04-1983,390
BE,Bloom Energy Corp - Class A,NYSE,25-07-2018,390
BGS,B&G Foods Inc,NYSE,23-05-2007,390
BIDU,Baidu Inc,NASDAQ,05-08-2005,390
BIL,SPDR(R) BLOOMBERG 1-3 MONTH T-BILL ETF ,NYSE ARCA,30-05-2007,390
BKR,Baker Hughes Co - Class A,NASDAQ,05-07-2017,390
BMY,Bristol-Myers Squibb Company,NYSE,01-06-1972,390
BP,BP plc,NYSE,03-01-1977,390
BRBR,Bellring Brands Inc,NYSE,17-10-2019,390
BRK-B,Berkshire Hathaway Inc - Class B,NYSE,09-05-1996,390
BROS,Dutch Bros Inc - Class A,NYSE,15-09-2021,390
BSX,Boston Scientific Corp,NYSE,19-05-1992,390
BTG,B2gold Corp,NYSE MKT,24-06-2008,390
BTI,British American Tobacco Plc,NYSE,14-04-1980,390
C,Citigroup Inc,NYSE,03-01-1977,390
CAG,Conagra Brands Inc,NYSE,07-09-1984,390
CC,Chemours Company,NYSE,01-07-2015,390
CCL,Carnival Corp (Paired Stock),NYSE,05-01-1989,390
CEG,Constellation Energy Corporation,NASDAQ,02-02-2022,390
CELH,Celsius Holdings Inc,NASDAQ,04-01-2016,390
CFG,Citizens Financial Group Inc,NYSE,24-09-2014,390
CFLT,Confluent Inc Class A,NASDAQ,24-06-2021,390
CLF,Cleveland-Cliffs Inc,NYSE,05-11-1987,390
CLS,Celestica Inc,NYSE,30-06-1998,390
CLSK,Cleanspark Inc,NASDAQ,29-01-2016,390
CMCSA,Comcast Corp - Class A,NASDAQ,07-07-1988,390
CMG,Chipotle Mexican Grill,NYSE,26-01-2006,390
CNC,Centene Corp,NYSE,13-12-2001,390
CNEY,CN Energy Group Inc - Class A,NASDAQ,05-02-2021,390
CNH,CNH Industrial NV,NYSE,30-09-2013,390
CNQ,Canadian Natural Resources Ltd,NYSE,31-07-2000,390
COF,Capital One Financial Corp,NYSE,16-11-1994,390
COHR,Coherent Corp,NYSE,26-03-1990,390
COP,Conoco Phillips,NYSE,31-12-1981,390
COTY,Coty Inc - Class A,NYSE,13-06-2013,390
CP,Canadian Pacific Kansas City Ltd,NYSE,30-12-1983,390
CPNG,Coupang Inc - Class A,NYSE,11-03-2021,390
CRGY,Crescent Energy Co. - Class A,NYSE,08-12-2021,390
CRH,CRH Plc,NYSE,19-02-1993,390
CRM,Salesforce Inc,NYSE,23-06-2004,390
CRWD,Crowdstrike Holdings Inc - Class A,NASDAQ,12-06-2019,390
CSCO,Cisco Systems Inc,NASDAQ,26-03-1990,390
CSX,CSX Corp,NASDAQ,03-11-1980,390
CTRA,Coterra Energy Inc,NYSE,08-02-1990,390
CVE,Cenovus Energy Inc,NYSE,17-11-2009,390
CVS,CVS Health Corp,NYSE,17-12-1984,390
CVX,Chevron Corp,NYSE,02-01-1970,390
CX,Cemex S.A.B. De C.V.,NYSE,15-09-1999,390
CZR,Caesars Entertainment Inc,NASDAQ,22-09-2014,390
D,Dominion Energy Inc,NYSE,03-10-1984,390
DAL,Delta Air Lines Inc,NYSE,03-05-2007,390
DAY,Ceridian HCM Holding Inc,NYSE,26-04-2018,390
DDOG,Datadog Inc - Class A,NASDAQ,19-09-2019,390
DELL,Dell Technologies Inc - Class C,NYSE,21-12-2018,390
DGLY,Digital Ally Inc (New),NASDAQ,16-05-2007,390
DIS,Walt Disney Co (The),NYSE,02-01-1962,390
DKNG,DraftKings Inc - Class A,NASDAQ,25-07-2019,390
DOC,Healthpeak OP LLC,NYSE,05-11-1987,390
DOW,Dow Inc,NYSE,20-03-2019,390
DUK,Duke Energy Corp,NYSE,06-04-1983,390
DVN,Devon Energy Corp,NYSE,17-03-1992,390
DYN,Dyne Therapeutics Inc,NASDAQ,17-09-2020,390
ED,Consolidated Edison Inc,NYSE,02-01-1970,390
EEM,ISHARES MSCI EMERGING MARKETS ETF ,NYSE ARCA,14-04-2003,390
EFA,ISHARES MSCI EAFE ETF ,NYSE ARCA,17-08-2001,390
EMR,Emerson Electric Company,NYSE,01-06-1972,390
ENB,Enbridge Inc,NYSE,27-03-1990,390
ENPH,Enphase Energy Inc,NASDAQ,30-03-2012,390
ENTG,Entegris Inc,NASDAQ,11-07-2000,390
EOG,EOG Resources Inc,NYSE,04-10-1989,390
EOSE,Eos Energy Enterprises Inc - Class A,NASDAQ,03-06-2020,390
EQT,EQT Corp,NYSE,05-11-1987,390
ES,Eversource Energy,NYSE,29-08-1984,390
ET,Energy Transfer LP,NYSE,17-10-2018,390
EWJ,ISHARES MSCI JAPAN ETF ,NYSE ARCA,01-04-1996,390
EXC,Exelon Corp,NASDAQ,02-01-1980,390
EYE,National Vision Holdings Inc,NASDAQ,26-10-2017,390
F,Ford Motor Company,NYSE,01-06-1972,390
FAST,Fastenal Company,NASDAQ,26-03-1990,390
FCX,Freeport-McMoRan Inc,NYSE,10-07-1995,390
FE,Firstenergy Corp,NYSE,10-11-1997,390
FI,Fiserv Inc,NYSE,26-03-1990,390
FIS,Fidelity National Information Services Inc,NYSE,20-06-2001,390
FLEX,Flex Ltd,NASDAQ,18-03-1994,390
FNGD,Bank of Montreal,NYSE ARCA,23-01-2018,390
FOXA,Fox Corporation - Class A,NASDAQ,12-03-2019,390
FSLY,Fastly Inc - Class A,NYSE,17-05-2019,390
FTNT,Fortinet Inc,NASDAQ,18-11-2009,390
FTV,Fortive Corp,NYSE,01-07-2016,390
FUBO,fuboTV Inc,NYSE,30-11-2017,390
FXI,ISHARES CHINA LARGE-CAP ETF ,NYSE ARCA,08-10-2004,390
GAP,Gap Inc,NYSE,23-07-1987,390
GDX,VANECK GOLD MINERS ETF ,NYSE ARCA,22-05-2006,390
GDXJ,VANECK JUNIOR GOLD MINERS ETF ,NYSE ARCA,11-11-2009,390
GEHC,GE HealthCare Technologies Inc,NASDAQ,04-01-2023,390
GEN,Gen Digital Inc,NASDAQ,26-03-1990,390
GEV,GE Vernova LLC,NYSE,27-03-2024,390
GILD,Gilead Sciences Inc,NASDAQ,22-01-1992,390
GIS,General Mills Inc,NYSE,10-06-1983,390
GLD,SPDR Gold Shares ETF,NYSE ARCA,18-11-2004,390
GM,General Motors Company,NYSE,18-11-2010,390
GO,Grocery Outlet Holding Corp,NASDAQ,20-06-2019,390
GOLD,Barrick Gold Corp,NYSE,04-02-1985,390
GOOG,Alphabet Inc - Class C,NASDAQ,27-03-2014,390
GOOGL,Alphabet Inc - Class A,NASDAQ,19-08-2004,390
GPK,Graphic Packaging Holding Company,NYSE,10-12-1992,390
GRAB,Grab Holdings Ltd - Class A,NASDAQ,01-12-2020,390
HAIN,Hain Celestial Group Inc,NASDAQ,20-01-1994,390
HAL,Halliburton Company,NYSE,01-06-1972,390
HALO,Halozyme Therapeutics Inc,NASDAQ,16-03-2004,390
HEFA,ISHARES CURRENCY HEDGED MSCI EAFE ETF ,BATS,14-02-2014,390
HIMS,Hims & Hers Health Inc - Class A,NYSE,13-09-2019,390
HL,Hecla Mining Company,NYSE,14-02-1985,390
HOLX,Hologic Inc,NASDAQ,26-03-1990,390
HON,Honeywell International Inc,NASDAQ,02-01-1970,390
HOOD,Robinhood Markets Inc - Class A,NASDAQ,29-07-2021,390
HPE,Hewlett Packard Enterprise Company,NYSE,19-10-2015,390
HPQ,HP Inc,NYSE,02-01-1962,390
HTZ,Hertz Global Holdings Inc (New),NASDAQ,01-07-2021,390
HYG,ISHARES IBOXX $ HIGH YIELD CORPORATE BOND ETF ,NYSE ARCA,11-04-2007,390
IAG,Iamgold Corp,NYSE,15-07-2003,390
IBB,ISHARES BIOTECHNOLOGY ETF ,NASDAQ,12-02-2001,390
IBIT,iShares Bitcoin Trust,NASDAQ,11-01-2024,390
IEFA,ISHARES CORE MSCI EAFE ETF ,BATS,24-10-2012,390
IEMG,ISHARES CORE MSCI EMERGING MARKETS ETF ,NYSE ARCA,24-10-2012,390
IGV,ISHARES EXPANDED TECH-SOFTWARE SECTOR ETF ,BATS,13-07-2001,390
IJR,ISHARES CORE S&P SMALL-CAP ETF ,NYSE ARCA,26-05-2000,390
INDA,ISHARES MSCI INDIA ETF ,BATS,03-02-2012,390
INFY,Infosys Ltd,NYSE,11-03-1999,390
INTC,Intel Corp,NASDAQ,17-03-1980,390
IONQ,IonQ Inc,NYSE,04-01-2021,390
IOT,Samsara Inc - Class A,NYSE,15-12-2021,390
IQV,IQVIA Holdings Inc,NYSE,09-05-2013,390
ITUB,Itau Unibanco Holding S.A.,NYSE,25-02-2002,390
IWM,ISHARES RUSSELL 2000 ETF ,NYSE ARCA,26-05-2000,390
IYR,ISHARES U.S. REAL ESTATE ETF ,NYSE ARCA,19-06-2000,390
JBLU,Jetblue Airways Corp,NASDAQ,12-04-2002,390
JCI,Johnson Controls International plc,NYSE,27-03-1985,390
JD,JD.com Inc,NASDAQ,22-05-2014,390
JEPI,JPMORGAN EQUITY PREMIUM INCOME ETF ,NYSE ARCA,21-05-2020,390
JEPQ,JPMORGAN NASDAQ EQUITY PREMIUM INCOME ETF ,NASDAQ,04-05-2022,390
JNJ,Johnson & Johnson,NYSE,02-01-1970,390
JOBY,Joby Aviation Inc,NYSE,09-11-2020,390
JPM,JPMorgan Chase & Company,NYSE,30-12-1983,390
KDP,Keurig Dr Pepper Inc,NASDAQ,28-04-2008,390
KGC,Kinross Gold Corp,NYSE,19-10-1994,390
KHC,Kraft Heinz Company,NASDAQ,06-07-2015,390
KKR,KKR & Co. Inc,NYSE,15-07-2010,390
KMI,Kinder Morgan Inc - Class P,NYSE,11-02-2011,390
KO,Coca-Cola Company,NYSE,02-01-1962,390
KR,Kroger Company,NYSE,03-01-1977,390
KRE,SPDR(R) S&P REGIONAL BANKING(SM) ETF ,NYSE ARCA,22-06-2006,390
KVUE,Kenvue Inc,NYSE,04-05-2023,390
KWEB,KRANESHARES CSI CHINA INTERNET ETF ,NYSE ARCA,01-08-2013,390
LABD,DIREXION DAILY S&P BIOTECH BEAR 3X SHARES DIREXION DAILY S&AMP;P BIOTECH BEAR 3X SHARES,NYSE ARCA,28-05-2015,390
LCID,Lucid Group Inc,NASDAQ,18-09-2020,390
LGMK,LogicMark Inc,NASDAQ,19-08-2013,390
LLY,Lilly(Eli) & Company,NYSE,01-06-1972,390
LQD,ISHARES IBOXX $ INVESTMENT GRADE CORPORATE BOND ETF ,NYSE ARCA,26-07-2002,390
LRCX,Lam Research Corp,NASDAQ,26-03-1990,390
LSCC,Lattice Semiconductor Corp,NASDAQ,26-03-1990,390
LUMN,Lumen Technologies Inc,NYSE,05-11-1987,390
LUV,Southwest Airlines Company,NYSE,02-01-1980,390
LVS,Las Vegas Sands Corp,NYSE,15-12-2004,390
LYFT,Lyft Inc Cls A,NASDAQ,29-03-2019,390
LYG,Lloyds Banking Group plc,NYSE,27-11-2001,390
MARA,Marathon Digital Holdings Inc,NASDAQ,04-05-2012,390
MCHI,ISHARES MSCI CHINA ETF ,NASDAQ,31-03-2011,390
MCHP,Microchip Technology Inc,NASDAQ,19-03-1993,390
MDLZ,Mondelez International Inc - Class A,NASDAQ,13-06-2001,390
MDT,Medtronic Plc,NYSE,31-12-1981,390
META,Meta Platforms Inc - Class A,NASDAQ,18-05-2012,390
MGM,MGM Resorts International,NYSE,12-01-1990,390
MLGO,MicroAlgo Inc,NASDAQ,13-04-2021,390
MNST,Monster Beverage Corp,NASDAQ,18-08-1995,390
MO,Altria Group Inc,NYSE,02-01-1970,390
MOS,Mosaic Company,NYSE,26-01-1988,390
MPC,Marathon Petroleum Corp,NYSE,23-06-2011,390
MRK,Merck & Co Inc,NYSE,02-01-1970,390
MRNA,Moderna Inc,NASDAQ,07-12-2018,390
MRVL,Marvell Technology Inc,NASDAQ,30-06-2000,390
MSFT,Microsoft Corporation,NASDAQ,13-03-1986,390
MSTR,Microstrategy Inc - Class A,NASDAQ,11-06-1998,390
MSTU,T-Rex 2X Long MSTR Daily Target ETF,BATS,18-09-2024,390
MSTY,YieldMax MSTR Option Income Strategy ETF,NYSE ARCA,22-02-2024,390
MSTZ,T-Rex 2X Inverse MSTR Daily Target ETF,BATS,18-09-2024,390
MTCH,Match Group Inc - New,NASDAQ,19-11-2015,390
MU,Micron Technology Inc,NASDAQ,16-05-1989,390
MUR,Murphy Oil Corp,NYSE,06-04-1983,390
NBIS,Nebius Group N.V. - Class A,NASDAQ,24-05-2011,390
NCLH,Norwegian Cruise Line Holdings Ltd,NYSE,18-01-2013,390
NEE,NextEra Energy Inc,NYSE,10-06-1983,390
NEM,Newmont Corp,NYSE,06-04-1983,390
NI,NiSource Inc,NYSE,19-10-1984,390
NIO,NIO Inc,NYSE,12-09-2018,390
NKE,Nike Inc - Class B,NYSE,02-12-1980,390
NLY,Annaly Capital Management Inc,NYSE,08-10-1997,390
NOK,Nokia Corp,NYSE,03-01-1994,390
NU,Nu Holdings Ltd Class A,NYSE,09-12-2021,390
NVDA,NVIDIA Corp,NASDAQ,22-01-1999,390
NVDL,GRANITESHARES 1.5X LONG NVDA DAILY ETF ,NASDAQ,13-12-2022,390
NVNI,Nvni Group Ltd,NASDAQ,29-09-2023,390
NVO,Novo Nordisk,NYSE,04-01-1982,390
NXE,NexGen Energy Ltd,NYSE,04-01-2016,390
O,Realty Income Corp,NYSE,18-10-1994,390
OGN,Organon & Company,NYSE,14-05-2021,390
OKLO,AltC Acquisition Corp - Class A,NYSE,08-07-2021,390
ON,ON Semiconductor Corp,NASDAQ,02-05-2000,390
OPEN,Opendoor Technologies Inc,NASDAQ,18-06-2020,390
ORCL,Oracle Corp,NYSE,12-03-1986,390
OSCR,Oscar Health Inc - Class A,NYSE,03-03-2021,390
OVV,Ovintiv Inc,NYSE,08-04-2002,390
OXY,Occidental Petroleum Corp,NYSE,31-12-1981,390
PANW,Palo Alto Networks Inc,NASDAQ,20-07-2012,390
PBR,Petroleo Brasileiro S.A. Petrobras,NYSE,10-08-2000,390
PCG,PG&E Corp,NYSE,01-06-1972,390
PEP,PepsiCo Inc,NASDAQ,01-06-1972,390
PFE,Pfizer Inc,NYSE,01-06-1972,390
PG,Procter & Gamble Company,NYSE,02-01-1970,390
PINS,Pinterest Inc - Class A,NYSE,18-04-2019,390
PLNT,Planet Fitness Inc - Class A,NYSE,06-08-2015,390
PLTR,Palantir Technologies Inc - Class A,NYSE,30-09-2020,390
PLUG,Plug Power Inc,NASDAQ,29-10-1999,390
PM,Philip Morris International Inc,NYSE,17-03-2008,390
PONY,Pony AI Inc,NASDAQ,27-11-2024,390
PPL,PPL Corp,NYSE,08-04-1985,390
PR,Permian Resources Corp - Class A,NYSE,15-04-2016,390
PRCH,Porch Group Inc - Class A,NASDAQ,13-01-2020,390
PTON,Peloton Interactive Inc - Class A,NASDAQ,26-09-2019,390
PYPL,PayPal Holdings Inc,NASDAQ,20-07-2015,390
QBTS,D-Wave Quantum Inc,NYSE,08-08-2022,390
QCOM,Qualcomm Inc,NASDAQ,16-12-1991,390
QQQ,Invesco QQQ Trust Series 1,NASDAQ,10-03-1999,390
QS,QuantumScape Corp - Class A,NYSE,17-08-2020,390
RDDT,Reddit Inc - Class A,NYSE,21-03-2024,390
RF,Regions Financial Corp,NYSE,26-03-1990,390
RGTI,Rigetti Computing Inc,NASDAQ,22-04-2021,390
RIG,Transocean Ltd,NYSE,28-05-1993,390
RIOT,Riot Platforms Inc,NASDAQ,24-01-2003,390
RIVN,Rivian Automotive Inc - Class A,NASDAQ,10-11-2021,390
RKLB,Rocket Lab USA Inc,NASDAQ,24-08-2021,390
RKT,Rocket Companies Inc Class A,NYSE,06-08-2020,390
RSP,Invesco S&P 500 Equal Weight ETF,NYSE ARCA,30-04-2003,390
RUN,Sunrun Inc,NASDAQ,05-08-2015,390
RVLV,Revolve Group Inc - Class A,NYSE,07-06-2019,390
RXRX,Recursion Pharmaceuticals Inc - Class A,NASDAQ,16-04-2021,390
SBUX,Starbucks Corp,NASDAQ,26-06-1992,390
SCHD,SCHWAB U.S. DIVIDEND EQUITY ETF ,NYSE ARCA,20-10-2011,390
SCHG,SCHWAB U.S. LARGE-CAP GROWTH ETF ,NYSE ARCA,11-12-2009,390
SCHW,Charles Schwab Corp,NYSE,30-06-1989,390
SGI,Tempur Sealy International Inc,NYSE,18-12-2003,390
SGOV,ISHARES 0-3 MONTH TREASURY BOND ETF ,NYSE ARCA,28-05-2020,390
SHEL,Shell Plc ADR (Representing - ),NYSE,30-12-1987,390
SHOP,Shopify Inc - Class A,NYSE,21-05-2015,390
SLB,SLB,NYSE,31-12-1981,390
SLV,iShares Silver Trust,NYSE ARCA,28-04-2006,390
SMCI,Super Micro Computer Inc,NASDAQ,29-03-2007,390
SMH,VANECK SEMICONDUCTOR ETF ,NASDAQ,05-06-2000,390
SMR,NuScale Power Corporation - Class A,NYSE,09-12-2020,390
SNAP,Snap Inc - Class A,NYSE,02-03-2017,390
SO,Southern Company,NYSE,31-12-1981,390
SOFI,SoFi Technologies Inc,NASDAQ,30-11-2020,390
SOUN,SoundHound AI Inc - Class A,NASDAQ,28-04-2022,390
SOXL,DIREXION DAILY SEMICONDUCTOR BULL 3X SHARES ,NYSE ARCA,11-03-2010,390
SOXS,Direxion Daily Semiconductor Bear 3X Shares,NYSE ARCA,11-03-2010,390
SPLG,SPDR(R) PORTFOLIO S&P 500 ETF ,NYSE ARCA,15-11-2005,390
SPXS,DIREXION DAILY S&P 500(R) BEAR 3X SHARES ,NYSE ARCA,19-11-2008,390
SPY,SPDR S&P 500 ETF Trust,NYSE ARCA,29-01-1993,390
SQQQ,ProShares UltraPro Short QQQ -3x Shares,NASDAQ,11-02-2010,390
SRE,Sempra,NYSE,29-06-1998,390
SRPT,Sarepta Therapeutics Inc,NASDAQ,04-06-1997,390
STLA,Stellantis N.V,NYSE,09-06-2010,390
STX,Seagate Technology Holdings Plc,NASDAQ,11-12-2002,390
SU,Suncor Energy Inc,NYSE,01-12-1993,390
SWK,Stanley Black & Decker Inc,NYSE,01-07-1985,390
SYY,Sysco Corp,NYSE,08-05-1973,390
T,AT&T Inc,NYSE,19-07-1984,390
TAP,Molson Coors Beverage Company - Class B,NYSE,07-09-1984,390
TDUP,ThredUp Inc - Class A,NASDAQ,26-03-2021,390
TEM,Tempus AI Inc - Class A,NASDAQ,14-06-2024,390
TEVA,Teva- Pharmaceutical Industries Ltd,NYSE,26-03-1990,390
TFC,Truist Financial Corporation,NYSE,26-03-1990,390
TGT,Target Corp,NYSE,06-04-1983,390
TJX,TJX Companies Inc,NYSE,05-01-1988,390
TLT,ISHARES 20+ YEAR TREASURY BOND ETF ,NASDAQ,26-07-2002,390
TMF,DIREXION DAILY 20+ YEAR TREASURY BULL 3X SHARES ,NYSE ARCA,16-04-2009,390
TMO,Thermo Fisher Scientific Inc,NYSE,01-09-1987,390
TNA,DIREXION DAILY SMALL CAP BULL 3X SHARES ,NYSE ARCA,19-11-2008,390
TOST,Toast Inc - Class A,NYSE,22-09-2021,390
TPR,Tapestry Inc,NYSE,06-10-2000,390
TQQQ,PROSHARES ULTRAPRO QQQ ,NASDAQ,11-02-2010,390
TSLA,Tesla Inc,NASDAQ,29-06-2010,390
TSLL,DIREXION DAILY TSLA BULL 1.5X SHARES ,NASDAQ,09-08-2022,390
TSLQ,Tradr 2X Short TSLA Daily ETF,NASDAQ,14-07-2022,390
TSM,Taiwan Semiconductor Manufacturing,NYSE,09-10-1997,390
TTD,Trade Desk Inc - Class A,NASDAQ,21-09-2016,390
TWLO,Twilio Inc Class A,NYSE,23-06-2016,390
TZA,DIREXION DAILY SMALL CAP BEAR 3X SHARES ,NYSE ARCA,19-11-2008,390
U,Unity Software Inc,NYSE,18-09-2020,390
UAL,United Airlines Holdings Inc,NASDAQ,06-02-2006,390
UBER,Uber Technologies Inc,NYSE,10-05-2019,390
UEC,Uranium Energy Corp,NYSE MKT,05-04-2007,390
UNH,Unitedhealth Group Inc,NYSE,26-03-1990,390
UPRO,PROSHARES ULTRAPRO S&P500 ,NYSE ARCA,25-06-2009,390
UPS,United Parcel Service Inc - Class B,NYSE,10-11-1999,390
UPST,Upstart Holdings Inc,NASDAQ,16-12-2020,390
USB,U.S. Bancorp.,NYSE,05-11-1987,390
USO,United States Oil Fund,NYSE ARCA,10-04-2006,390
UVIX,2x Long VIX Futures ETF,BATS,30-03-2022,390
UVXY,ProShares Ultra VIX Short-Term Futures ETF 2x Shares,BATS,04-10-2011,390
V,Visa Inc - Class A,NYSE,19-03-2008,390
VALE,Vale S.A.,NYSE,21-03-2002,390
VEA,Vanguard FTSE Developed Markets ETF,NYSE ARCA,26-07-2007,390
VFC,VF Corp,NYSE,01-07-1985,390
VGK,VANGUARD EUROPEAN STOCK INDEX FUND ETF SHARES,NYSE ARCA,10-03-2005,390
VNQ,VANGUARD REAL ESTATE INDEX FUND ETF SHARES,NYSE ARCA,29-09-2004,390
VOO,VANGUARD 500 INDEX FUND ETF SHARES,NYSE ARCA,09-09-2010,390
VRT,Vertiv Holdings Co - Class A,NYSE,30-07-2018,390
VST,Vistra Corp,NYSE,04-10-2016,390
VSTS,Vestis Corp,NYSE,05-10-2023,390
VTRS,Viatris Inc,NASDAQ,16-11-2020,390
VXUS,VANGUARD TOTAL INTERNATIONAL STOCK INDEX FUND ETF SHARES,NASDAQ,28-01-2011,390
VZ,Verizon Communications Inc,NYSE,21-11-1983,390
WBD,Warner Bros. Discovery Inc - Class A,NASDAQ,08-07-2005,390
WDC,Western Digital Corp,NASDAQ,02-01-1987,390
WFC,Wells Fargo & Company,NYSE,01-06-1972,390
WMB,Williams Cos Inc,NYSE,31-12-1981,390
WMT,Walmart Inc,NYSE,25-08-1972,390
WOLF,Wolfspeed Inc,NYSE,09-02-1993,390
WRD,WeRide Inc,NASDAQ,25-10-2024,390
WW,WW International Inc,NASDAQ,15-11-2001,390
XBI,SPDR(R) S&P(R) BIOTECH ETF ,NYSE ARCA,06-02-2006,390
XLB,THE MATERIALS SELECT SECTOR SPDR FUND ,NYSE ARCA,22-12-1998,390
XLE,THE ENERGY SELECT SECTOR SPDR FUND ,NYSE ARCA,22-12-1998,390
XLF,THE FINANCIAL SELECT SECTOR SPDR FUND ,NYSE ARCA,22-12-1998,390
XLI,THE INDUSTRIAL SELECT SECTOR SPDR FUND ,NYSE ARCA,22-12-1998,390
XLK,THE TECHNOLOGY SELECT SECTOR SPDR FUND ,NYSE ARCA,22-12-1998,390
XLP,THE CONSUMER STAPLES SELECT SECTOR SPDR FUND ,NYSE ARCA,22-12-1998,390
XLU,THE UTILITIES SELECT SECTOR SPDR FUND ,NYSE ARCA,22-12-1998,390
XLV,THE HEALTH CARE SELECT SECTOR SPDR FUND ,NYSE ARCA,22-12-1998,390
XLY,THE CONSUMER DISCRETIONARY SELECT SECTOR SPDR FUND ,NYSE ARCA,22-12-1998,390
XOM,Exxon Mobil Corp,NYSE,02-01-1970,390
XYZ,Block Inc - Class A,NYSE,19-11-2015,390
Z,Zillow Group Inc - Class C,NASDAQ,03-08-2015,390
ZK,ZEEKR Intelligent Technology Holding Ltd,NYSE,10-05-2024,390
ATI,ATI Inc,NYSE,29-11-1999,389
AZEK,AZEK Company Inc - Class A,NYSE,12-06-2020,389
BBIO,BridgeBio Pharma Inc,NASDAQ,27-06-2019,389
BEN,Franklin Resources Inc,NYSE,07-09-1984,389
BHP,BHP Group Ltd,NYSE,29-05-1987,389
BN,Brookfield Corporation - Class A,NYSE,30-12-1983,389
BUD,Anheuser-Busch InBev SA/NV,NYSE,01-07-2009,389
CARR,Carrier Global Corp,NYSE,19-03-2020,389
CCCS,CCC Intelligent Solutions Holdings Inc,NASDAQ,02-08-2021,389
CCJ,Cameco Corp,NYSE,14-03-1996,389
CDE,Coeur Mining Inc,NYSE,12-04-1990,389
COIN,Coinbase Global Inc - Class A,NASDAQ,14-04-2021,389
CORZ,Core Scientific Inc - New,NASDAQ,24-01-2024,389
CPRT,Copart Inc,NASDAQ,17-03-1994,389
CRDO,Credo Technology Group Holding Ltd,NASDAQ,27-01-2022,389
CRSP,CRISPR Therapeutics AG,NASDAQ,19-10-2016,389
CVNA,Carvana Co. - Class A,NYSE,28-04-2017,389
DASH,DoorDash Inc - Class A,NASDAQ,09-12-2020,389
DHR,Danaher Corp,NYSE,05-11-1987,389
DOCN,DigitalOcean Holdings Inc,NYSE,24-03-2021,389
EA,Electronic Arts Inc,NASDAQ,26-03-1990,389
ELAN,Elanco Animal Health Inc,NYSE,20-09-2018,389
EPD,Enterprise Products Partners L P,NYSE,28-07-1998,389
ETR,Entergy Corp,NYSE,01-06-1972,389
ETSY,Etsy Inc,NASDAQ,16-04-2015,389
EVGO,EVgo Inc - Class A,NASDAQ,20-11-2020,389
EWZ,ISHARES MSCI BRAZIL ETF ,NYSE ARCA,14-07-2000,389
FBIN,Fortune Brands Innovations Inc,NYSE,16-09-2011,389
FLG,New York Community Bancorp Inc,NYSE,23-11-1993,389
FLYW,Flywire Corp,NASDAQ,26-05-2021,389
GE,General Electric Company,NYSE,02-01-1962,389
GENI,Genius Sports Ltd,NYSE,21-04-2021,389
GEO,Geo Group Inc,NYSE,28-07-1994,389
GH,Guardant Health Inc,NASDAQ,04-10-2018,389
GME,Gamestop Corporation - Class A,NYSE,13-02-2002,389
GS,Goldman Sachs Group Inc,NYSE,04-05-1999,389
GSK,GSK Plc,NYSE,09-07-1986,389
HBI,Hanesbrands Inc,NYSE,06-09-2006,389
HST,Host Hotels & Resorts Inc,NASDAQ,06-04-1983,389
HUT,Hut 8 Corp,NASDAQ,08-03-2018,389
HWM,Howmet Aerospace Inc,NYSE,02-01-1962,389
IAU,iShares Gold Trust,NYSE ARCA,28-01-2005,389
IBN,ICICI Bank Ltd,NYSE,28-03-2000,389
IJH,ISHARES CORE S&P MID-CAP ETF ,NYSE ARCA,26-05-2000,389
IP,International Paper Company,NYSE,02-01-1970,389
IR,Ingersoll-Rand Inc,NYSE,12-05-2017,389
IVV,ISHARES CORE S&P 500 ETF ,NYSE ARCA,19-05-2000,389
JHX,James Hardie Industries plc,NYSE,03-01-2000,389
JPST,JPMORGAN ULTRA-SHORT INCOME ETF ,NYSE ARCA,19-05-2017,389
KEY,Keycorp,NYSE,05-11-1987,389
KNX,Knight-Swift Transportation Holdings Inc - Class A,NYSE,25-10-1994,389
KOLD,ProShares UltraShort Bloomberg Natural Gas -2x Shares,NYSE ARCA,06-10-2011,389
KVYO,Klaviyo Inc - Series A,NYSE,20-09-2023,389
LNC,Lincoln National Corp,NYSE,05-10-1984,389
LNTH,Lantheus Holdings Inc,NASDAQ,25-06-2015,389
LYB,LyondellBasell Industries NV - Class A,NYSE,28-04-2010,389
M,Macy`s Inc,NYSE,05-02-1992,389
MAT,Mattel Inc,NASDAQ,04-01-1982,389
MET,Metlife Inc,NYSE,05-04-2000,389
MP,MP Materials Corporation,NYSE,22-06-2020,389
MSTX,DEFIANCE DAILY TARGET 2X LONG MSTR ETF ,NASDAQ,15-08-2024,389
MYGN,Myriad Genetics Inc,NASDAQ,06-10-1995,389
NG,Novagold Resources Inc,NYSE MKT,04-12-2003,389
NGD,New Gold Inc,NYSE MKT,18-11-2004,389
NRG,NRG Energy Inc,NYSE,02-12-2003,389
NVAX,Novavax Inc,NASDAQ,13-12-1995,389
NWL,Newell Brands Inc,NASDAQ,19-07-1984,389
NWSA,News Corp - Class A,NASDAQ,19-06-2013,389
OKE,Oneok Inc,NYSE,01-07-1985,389
OWL,Blue Owl Capital Inc - Class A,NYSE,14-12-2020,389
PAAS,Pan American Silver Corp,NYSE,12-06-1995,389
PATH,UiPath Inc - Class A,NYSE,21-04-2021,389
PBF,PBF Energy Inc - Class A,NYSE,13-12-2012,389
PDD,PDD Holdings Inc,NASDAQ,26-07-2018,389
PK,Park Hotels & Resorts Inc,NYSE,04-01-2017,389
PLTU,Direxion Daily PLTR Bull 2X Shares,NASDAQ,11-12-2024,389
QID,PROSHARES ULTRASHORT QQQ ,NYSE ARCA,13-07-2006,389
RBLX,Roblox Corporation - Class A,NYSE,10-03-2021,389
RTX,RTX Corp,NYSE,02-01-1970,389
SAN,Banco Santander S.A.,NYSE,05-01-1988,389
SBSW,Sibanye Stillwater Ltd,NYSE,11-02-2013,389
SDS,PROSHARES ULTRASHORT S&P500 ,NYSE ARCA,13-07-2006,389
SE,Sea Ltd,NYSE,20-10-2017,389
SEDG,Solaredge Technologies Inc,NASDAQ,26-03-2015,389
SKX,Skechers U S A Inc - Class A,NYSE,09-06-1999,389
SPXL,DIREXION DAILY S&P 500(R) BULL 3X SHARES ,NYSE ARCA,05-11-2008,389
SPXU,PROSHARES ULTRAPRO SHORT S&P500 ,NYSE ARCA,25-06-2009,389
STM,ST Microelectronics,NYSE,08-12-1994,389
SYF,Synchrony Financial,NYSE,31-07-2014,389
TDOC,Teladoc Health Inc,NYSE,01-07-2015,389
TECK,Teck Resources Ltd - Class B - Class B (Sub Voting),NYSE,18-07-2002,389
TRIP,TripAdvisor Inc,NASDAQ,07-12-2011,389
TSLZ,T-Rex 2X Inverse Tesla Daily Target ETF,NASDAQ,19-10-2023,389
TSN,Tyson Foods Inc - Class A,NYSE,09-07-1986,389
TXN,Texas Instruments Inc,NASDAQ,01-06-1972,389
UAA,Under Armour Inc - Class A,NYSE,18-11-2005,389
UAMY,United States Antimony Corp,NYSE MKT,24-02-2000,389
UPWK,Upwork Inc,NASDAQ,03-10-2018,389
USFD,US Foods Holding Corp,NYSE,26-05-2016,389
UUUU,Energy Fuels Inc,NYSE MKT,24-11-2006,389
VICI,VICI Properties Inc,NYSE,17-10-2017,389
VWO,VANGUARD EMERGING MARKETS STOCK INDEX FUND ETF SHARES,NYSE ARCA,10-03-2005,389
VXX,iPath Series B S&P 500 VIX Short-Term Futures ETN,BATS,30-01-2009,389
W,Wayfair Inc - Class A,NYSE,02-10-2014,389
WEN,Wendy`s Co - Class A,NASDAQ,17-03-1992,389
WPM,Wheaton Precious Metals Corp,NYSE,04-01-2016,389
X,United States Steel Corp,NYSE,12-04-1991,389
XLC,THE COMMUNICATION SERVICES SELECT SECTOR SPDR FUND ,NYSE ARCA,19-06-2018,389
XRT,SPDR(R) S&P(R) RETAIL ETF ,NYSE ARCA,22-06-2006,389
YINN,DIREXION DAILY FTSE CHINA BULL 3X SHARES ,NYSE ARCA,03-12-2009,389
ZIM,Zim Integrated Shipping Services Ltd,NYSE,28-01-2021,389
ZTS,Zoetis Inc - Class A,NYSE,01-02-2013,389
APG,APi Group Corporation,NYSE,29-04-2020,388
APLS,Apellis Pharmaceuticals Inc,NASDAQ,09-11-2017,388
APO,Apollo Global Management Inc - Class A (New),NYSE,30-03-2011,388
ARIS,Aris Water Solutions Inc - Class A,NYSE,22-10-2021,388
ARRY,Array Technologies Inc,NASDAQ,15-10-2020,388
BBY,Best Buy Co. Inc,NYSE,19-04-1985,388
BEAM,Beam Therapeutics Inc,NASDAQ,06-02-2020,388
BEKE,KE Holdings Inc,NYSE,13-08-2020,388
BITX,2X BITCOIN STRATEGY ETF ,BATS,27-06-2023,388
BK,Bank Of New York Mellon Corp,NYSE,03-05-1973,388
BND,VANGUARD TOTAL BOND MARKET INDEX FUND ETF SHARES,NASDAQ,10-04-2007,388
BTU,Peabody Energy Corp New,NYSE,03-04-2017,388
BWA,BorgWarner Inc,NYSE,13-08-1993,388
CCI,Crown Castle Inc,NYSE,18-08-1998,388
CF,CF Industries Holdings Inc,NYSE,11-08-2005,388
CHWY,Chewy Inc - Class A,NYSE,14-06-2019,388
CIEN,CIENA Corp,NYSE,07-02-1997,388
CL,Colgate-Palmolive Company,NYSE,03-01-1977,388
CLOV,Clover Health Investments Corp - Class A,NASDAQ,12-06-2020,388
CNP,Centerpoint Energy Inc,NYSE,02-01-1970,388
COMP,Compass Inc - Class A,NYSE,01-04-2021,388
CTVA,Corteva Inc,NYSE,24-05-2019,388
CYTK,Cytokinetics Inc,NASDAQ,29-04-2004,388
DG,Dollar General Corp,NYSE,13-11-2009,388
DVAX,Dynavax Technologies Corp,NASDAQ,19-02-2004,388
DXCM,Dexcom Inc,NASDAQ,14-04-2005,388
EC,Ecopetrol SA,NYSE,18-09-2008,388
EGO,Eldorado Gold Corp,NYSE,23-01-2003,388
EIX,Edison International,NYSE,02-01-1980,388
EL,Estee Lauder Cos. Inc - Class A,NYSE,17-11-1995,388
EXE,Chesapeake Energy Corp - New,NASDAQ,10-02-2021,388
EXPD,Expeditors International Of Washington Inc,NASDAQ,26-03-1990,388
FLNC,Fluence Energy Inc - Class A,NASDAQ,28-10-2021,388
GFI,Gold Fields Ltd,NYSE,01-05-1991,388
GLW,Corning Inc,NYSE,31-12-1981,388
GRND,Grindr Inc - Class A,NYSE,14-01-2021,388
HDB,HDFC Bank Ltd,NYSE,20-07-2001,388
HMY,Harmony Gold Mining Co Ltd,NYSE,30-09-1996,388
IBM,International Business Machines Corp,NYSE,02-01-1962,388
JAAA,JANUS HENDERSON AAA CLO ETF ,NYSE ARCA,19-10-2020,388
LEN,Lennar Corp - Class A,NYSE,05-11-1987,388
LITE,Lumentum Holdings Inc,NASDAQ,04-08-2015,388
MCD,McDonald`s Corp,NYSE,02-01-1970,388
MEGL,Magic Empire Global Ltd,NASDAQ,05-08-2022,388
MMM,3M Company,NYSE,02-01-1970,388
MS,Morgan Stanley,NYSE,23-02-1993,388
MWA,Mueller Water Products Inc - Series A,NYSE,26-05-2006,388
NEOG,Neogen Corp,NASDAQ,10-02-1994,388
NTLA,Intellia Therapeutics Inc,NASDAQ,06-05-2016,388
NTR,Nutrien Ltd,NYSE,02-01-2018,388
NWG,NatWest Group Plc,NYSE,18-10-2007,388
PARA,Paramount Global - Class B,NASDAQ,03-01-2006,388
PBR-A,Petroleo Brasileiro S.A. Petrobras,NYSE,07-10-2003,388
PTEN,Patterson-UTI Energy Inc,NASDAQ,02-11-1993,388
RDFN,Redfin Corp,NASDAQ,28-07-2017,388
RIO,Rio Tinto plc,NYSE,28-06-1990,388
SSRM,SSR Mining Inc,NASDAQ,01-08-1996,388
SWKS,Skyworks Solutions Inc,NASDAQ,07-09-1984,388
TME,Tencent Music Entertainment Group,NYSE,12-12-2018,388
TSCO,Tractor Supply Company,NASDAQ,18-02-1994,388
UNP,Union Pacific Corp,NYSE,02-01-1980,388
URG,Ur-Energy Inc,NYSE MKT,25-07-2008,388
VIPS,Vipshop Holdings Ltd,NYSE,23-03-2012,388
VKTX,Viking Therapeutics Inc,NASDAQ,29-04-2015,388
VRTX,Vertex Pharmaceuticals Inc,NASDAQ,24-07-1991,388
VTI,VANGUARD TOTAL STOCK MARKET INDEX FUND ETF SHARES,NYSE ARCA,31-05-2001,388
VTR,Ventas Inc,NYSE,05-05-1997,388
WMG,Warner Music Group Corp - Class A,NASDAQ,03-06-2020,388
WULF,TeraWulf Inc,NASDAQ,30-05-1996,388
XPEV,XPeng Inc,NYSE,27-08-2020,388
YETI,YETI Holdings Inc,NYSE,25-10-2018,388
APPS,Digital Turbine Inc,NASDAQ,30-06-2006,387
APTV,Aptiv PLC,NYSE,17-11-2011,387
ARDX,Ardelyx Inc,NASDAQ,19-06-2014,387
ARMK,Aramark,NYSE,12-12-2013,387
AXP,American Express Company,NYSE,01-06-1972,387
AXTA,Axalta Coating Systems Ltd,NYSE,12-11-2014,387
BAX,Baxter International Inc,NYSE,27-10-1981,387
BCS,Barclays plc,NYSE,10-09-1986,387
BG,Bunge Global SA,NYSE,02-08-2001,387
BGC,BGC Group Inc - Class A,NASDAQ,10-12-1999,387
BX,Blackstone Inc,NYSE,22-06-2007,387
CGDV,Capital Group Dividend Value ETF,NYSE ARCA,24-02-2022,387
CHX,ChampionX Corp,NASDAQ,27-04-2018,387
CNK,Cinemark Holdings Inc,NYSE,24-04-2007,387
CPRI,Capri Holdings Ltd,NYSE,15-12-2011,387
CRL,Charles River Laboratories International Inc,NYSE,23-06-2000,387
DHI,D.R. Horton Inc,NYSE,05-06-1992,387
DNN,Denison Mines Corp,NYSE MKT,09-02-2005,387
DV,DoubleVerify Holdings Inc,NYSE,21-04-2021,387
EBAY,EBay Inc,NASDAQ,24-09-1998,387
EQX,Equinox Gold Corp,NYSE MKT,03-08-2018,387
EW,Edwards Lifesciences Corp,NYSE,27-03-2000,387
EWG,ISHARES MSCI GERMANY ETF ,NYSE ARCA,01-04-1996,387
EWY,ISHARES MSCI SOUTH KOREA ETF ,NYSE ARCA,12-05-2000,387
FUN,Six Flags Entertainment Corp,NYSE,23-04-1987,387
GNLN,Greenlane Holdings Inc - Class A,NASDAQ,18-04-2019,387
HBAN,Huntington Bancshares Inc,NASDAQ,26-03-1990,387
HD,Home Depot Inc,NYSE,22-09-1981,387
HLT,Hilton Worldwide Holdings Inc,NYSE,12-12-2013,387
IEF,ISHARES 7-10 YEAR TREASURY BOND ETF ,NASDAQ,26-07-2002,387
IOVA,Iovance Biotherapeutics Inc,NASDAQ,15-10-2010,387
IPG,Interpublic Group Of Cos. Inc,NYSE,05-11-1987,387
KMX,Carmax Inc,NYSE,04-02-1997,387
KOS,Kosmos Energy Ltd,NYSE,11-05-2011,387
MAGS,Roundhill Magnificent Seven ETF,NASDAQ,11-04-2023,387
MPW,Medical Properties Trust Inc,NYSE,08-07-2005,387
MTDR,Matador Resources Company,NYSE,02-02-2012,387
NBIX,Neurocrine Biosciences Inc,NASDAQ,23-05-1996,387
NCEW,New Century Logistics (BVI) Ltd,NASDAQ,18-12-2024,387
NET,Cloudflare Inc - Class A,NYSE,13-09-2019,387
OMC,Omnicom Group Inc,NYSE,26-03-1990,387
PAYO,Payoneer Global Inc,NASDAQ,25-06-2021,387
PERI,Perion Network Ltd,NASDAQ,31-01-2006,387
PRU,Prudential Financial Inc,NYSE,13-12-2001,387
PTLO,Portillos Inc - Class A,NASDAQ,21-10-2021,387
RITM,Rithm Capital Corporation,NYSE,02-05-2013,387
RLX,RLX Technology Inc,NYSE,22-01-2021,387
ROKU,Roku Inc - Class A,NASDAQ,28-09-2017,387
RPRX,Royalty Pharma plc - Class A,NASDAQ,16-06-2020,387
SCHX,SCHWAB U.S. LARGE-CAP ETF ,NYSE ARCA,03-11-2009,387
SNOW,Snowflake Inc - Class A,NYSE,16-09-2020,387
SONY,Sony Group Corporation,NYSE,26-07-1974,387
SPYG,SPDR(R) PORTFOLIO S&P 500 GROWTH ETF ,NYSE ARCA,02-10-2000,387
TLRY,Tilray Brands Inc,NASDAQ,19-07-2018,387
URA,GLOBAL X URANIUM ETF ,NYSE ARCA,05-11-2010,387
VLO,Valero Energy Corp,NYSE,04-01-1982,387
VRN,Veren Inc,NYSE,20-07-2006,387
VTV,VANGUARD VALUE INDEX FUND ETF SHARES,NYSE ARCA,30-01-2004,387
WTTR,Select Water Solutions Inc - Class A,NYSE,21-04-2017,387
WY,Weyerhaeuser Company,NYSE,03-05-1973,387
XOP,SPDR(R) S&P(R) OIL & GAS EXPLORATION & PRODUCTION ETF ,NYSE ARCA,22-06-2006,387
ASX,ASE Technology Holding Co.Ltd,NYSE,02-10-2000,386
BBWI,Bath & Body Works Inc,NYSE,01-07-1985,386
BLMN,Bloomin Brands Inc,NASDAQ,08-08-2012,386
BMBL,Bumble Inc - Class A,NASDAQ,11-02-2021,386
CAN,Canaan Inc,NASDAQ,20-11-2019,386
CE,Celanese Corp - Series A,NYSE,21-01-2005,386
CIVI,Civitas Resources Inc New,NYSE,15-12-2011,386
CONY,YIELDMAX COIN OPTION INCOME STRATEGY ETF ,NYSE ARCA,15-08-2023,386
DNB,Dun & Bradstreet Holdings Inc,NYSE,01-07-2020,386
ESI,Element Solutions Inc,NYSE,22-10-2013,386
FOLD,Amicus Therapeutics Inc,NASDAQ,31-05-2007,386
FSM,Fortuna Silver Mines Inc,NYSE,08-01-2007,386
GLDM,SPDR Gold MiniShares Trust,NYSE ARCA,26-06-2018,386
GPN,Global Payments Inc,NYSE,16-01-2001,386
HUN,Huntsman Corp,NYSE,14-02-2005,386
IBRX,ImmunityBio Inc,NASDAQ,28-07-2015,386
IFF,International Flavors & Fragrances Inc,NYSE,31-12-1981,386
KSS,Kohl`s Corp,NYSE,19-05-1992,386
KULR,KULR Technology Group Inc,NYSE MKT,18-07-2018,386
LI,Li Auto Inc,NASDAQ,30-07-2020,386
LTH,Life Time Group Holdings Inc,NYSE,07-10-2021,386
MA,Mastercard Incorporated - Class A,NYSE,25-05-2006,386
NFLX,Netflix Inc,NASDAQ,23-05-2002,386
ONON,On Holding AG Class A,NYSE,15-09-2021,386
OPK,Opko Health Inc,NASDAQ,02-11-1995,386
OTIS,Otis Worldwide Corp,NYSE,19-03-2020,386
PCAR,Paccar Inc,NASDAQ,09-07-1986,386
PRMB,Primo Brands Corp - Class A,NYSE,11-11-2024,386
QSR,Restaurant Brands International Inc,NYSE,15-12-2014,386
SCHF,SCHWAB INTERNATIONAL EQUITY ETF ,NYSE ARCA,03-11-2009,386
SHLS,Shoals Technologies Group Inc - Class A,NASDAQ,27-01-2021,386
SN,SharkNinja Inc,NYSE,31-07-2023,386
TMUS,T-Mobile US Inc,NASDAQ,19-04-2007,386
TXG,10x Genomics Inc - Class A,NASDAQ,12-09-2019,386
UMC,United Micro Electronics,NYSE,19-09-2000,386
USFR,WISDOMTREE FLOATING RATE TREASURY FUND ,NYSE ARCA,04-02-2014,386
USHY,ISHARES BROAD USD HIGH YIELD CORPORATE BOND ETF ,BATS,26-10-2017,386
USMV,ISHARES MSCI USA MIN VOL FACTOR ETF ,BATS,20-10-2011,386
VSH,Vishay Intertechnology Inc,NYSE,04-01-1988,386
WU,Western Union Company,NYSE,02-10-2006,386
WWW,Wolverine World Wide Inc,NYSE,18-12-1984,386
XLRE,THE REAL ESTATE SELECT SECTOR SPDR FUND ,NYSE ARCA,08-10-2015,386
YUMC,Yum China Holdings Inc,NYSE,17-10-2016,386
ZETA,Zeta Global Holdings Corp - Class A,NYSE,10-06-2021,386
ANGI,Angi Inc - Class A,NASDAQ,17-11-2011,385
ARCC,Ares Capital Corp,NASDAQ,05-10-2004,385
BB,BlackBerry Ltd,NYSE,04-02-1999,385
BF-B,Brown-Forman Corp - Class B,NYSE,07-09-1984,385
BITO,PROSHARES BITCOIN STRATEGY ETF ,NYSE ARCA,19-10-2021,385
BKD,Brookdale Senior Living Inc,NYSE,22-11-2005,385
BTDR,Bitdeer Technologies Holding Company,NASDAQ,13-04-2023,385
BTE,Baytex Energy Corp,NYSE,03-04-2006,385
CDW,CDW Corp,NASDAQ,27-06-2013,385
CIFR,Cipher Mining Inc,NASDAQ,07-12-2020,385
CLVT,Clarivate Plc,NYSE,29-10-2018,385
CRBG,Corebridge Financial Inc,NYSE,15-09-2022,385
CXW,CoreCivic Inc,NYSE,15-07-1997,385
DOCS,Doximity Inc - Class A,NYSE,24-06-2021,385
ETN,Eaton Corporation plc,NYSE,01-06-1972,385
EXPI,eXp World Holdings Inc,NASDAQ,19-02-2014,385
FBTC,Fidelity Wise Origin Bitcoin Fund,BATS,11-01-2024,385
FLR,Fluor Corporation,NYSE,01-12-2000,385
GERN,Geron Corp,NASDAQ,31-07-1996,385
HLN,Haleon plc,NYSE,22-07-2022,385
JAZZ,Jazz Pharmaceuticals plc,NASDAQ,01-06-2007,385
KMB,Kimberly-Clark Corp,NYSE,17-12-1984,385
KTOS,Kratos Defense & Security Solutions Inc,NASDAQ,05-11-1999,385
MDU,MDU Resources Group Inc,NYSE,05-11-1987,385
RARE,Ultragenyx Pharmaceutical Inc,NASDAQ,31-01-2014,385
RBRK,Rubrik Inc - Class A,NYSE,25-04-2024,385
RCKT,Rocket Pharmaceuticals Inc,NASDAQ,18-02-2015,385
S,SentinelOne Inc - Class A,NYSE,30-06-2021,385
SIRI,Sirius XM Holdings Inc,NASDAQ,13-09-1994,385
SMCX,Defiance Daily Target 2x Long SMCI ETF,NASDAQ,22-08-2024,385
SMMT,Summit Therapeutics Inc,NASDAQ,05-03-2015,385
TECH,Bio-Techne Corp,NASDAQ,09-12-1992,385
TRMB,Trimble Inc,NASDAQ,03-03-1992,385
UWMC,UWM Holdings Corporation Class A,NYSE,04-03-2021,385
VG,Venture Global Inc - Class A,NYSE,24-01-2025,385
VNET,VNET Group Inc,NASDAQ,21-04-2011,385
WBA,Walgreens Boots Alliance Inc,NASDAQ,01-07-1985,385
WYNN,Wynn Resorts Ltd,NASDAQ,25-10-2002,385
XP,XP Inc - Class A,NASDAQ,11-12-2019,385
ZBH,Zimmer Biomet Holdings Inc,NYSE,25-07-2001,385
AU,AngloGold Ashanti Plc.,NYSE,05-08-1998,384
BALL,Ball Corp,NYSE,07-09-1984,384
CART,Maplebear Inc,NASDAQ,19-09-2023,384
CGGR,Capital Group Growth ETF,NYSE ARCA,24-02-2022,384
DBX,Dropbox Inc - Class A,NASDAQ,23-03-2018,384
EVRG,Evergy Inc,NASDAQ,04-06-2018,384
EWT,ISHARES MSCI TAIWAN ETF ,NYSE ARCA,23-06-2000,384
EZU,ISHARES MSCI EUROZONE ETF ,BATS,02-01-2001,384
FL,Foot Locker Inc,NYSE,02-01-1970,384
IHS,IHS Holding Ltd,NYSE,14-10-2021,384
INVH,Invitation Homes Inc,NYSE,01-02-2017,384
LABU,DIREXION DAILY S&P BIOTECH BULL 3X SHARES DIREXION DAILY S&AMP;P BIOTECH BULL 3X SHARES,NYSE ARCA,28-05-2015,384
MPLX,MPLX LP,NYSE,26-10-2012,384
MQ,Marqeta Inc - Class A,NASDAQ,09-06-2021,384
MUB,ISHARES NATIONAL MUNI BOND ETF ,NYSE ARCA,10-09-2007,384
OHI,Omega Healthcare Investors Inc,NYSE,07-08-1992,384
PLD,Prologis Inc,NYSE,21-11-1997,384
PSTG,Pure Storage Inc - Class A,NYSE,07-10-2015,384
QLD,PROSHARES ULTRA QQQ ,NYSE ARCA,21-06-2006,384
REAL,Therealreal Inc,NASDAQ,28-06-2019,384
RELY,Remitly Global Inc,NASDAQ,23-09-2021,384
SG,Sweetgreen Inc - Class A,NYSE,18-11-2021,384
SONO,Sonos Inc,NASDAQ,02-08-2018,384
TRU,TransUnion,NYSE,25-06-2015,384
TSLT,T-REX 2X Long Tesla Daily Target ETF,NASDAQ,19-10-2023,384
VEU,VANGUARD FTSE ALL-WORLD EX-US INDEX FUND ETF SHARES,NYSE ARCA,08-03-2007,384
VTEB,VANGUARD TAX-EXEMPT BOND INDEX FUND ETF SHARES,NYSE ARCA,25-08-2015,384
WGS,GeneDx Holdings Corp - Class A,NASDAQ,04-11-2020,384
WRBY,Warby Parker Inc - Class A,NYSE,29-09-2021,384
ZTO,ZTO Express (Cayman) Inc,NYSE,27-10-2016,384
AUTL,Autolus Therapeutics plc,NASDAQ,22-06-2018,383
BSY,Bentley Systems Inc - Class B,NASDAQ,23-09-2020,383
CAPR,Capricor Therapeutics Inc,NASDAQ,13-02-2007,383
CAVA,Cava Group Inc,NYSE,15-06-2023,383
CHD,Church & Dwight Co. Inc,NYSE,06-03-1986,383
CTSH,Cognizant Technology Solutions Corp - Class A,NASDAQ,19-06-1998,383
CUBE,CubeSmart,NYSE,22-10-2004,383
DIA,SPDR Dow Jones Industrial Average ETF,NYSE ARCA,20-01-1998,383
DX,Dynex Capital Inc,NYSE,30-06-1989,383
ERIC,Telefonaktiebolaget L M Ericsson,NASDAQ,28-09-1989,383
EXEL,Exelixis Inc,NASDAQ,17-04-2000,383
GGB,Gerdau S.A.,NYSE,10-03-1999,383
GOVT,ISHARES U.S. TREASURY BOND ETF ,BATS,24-02-2012,383
IVZ,Invesco Ltd,NYSE,25-08-1995,383
JETS,U.S. GLOBAL JETS ETF ,NYSE ARCA,30-04-2015,383
JNK,SPDR(R) BLOOMBERG HIGH YIELD BOND ETF ,NYSE ARCA,04-12-2007,383
KD,Kyndryl Holdings Inc,NYSE,22-10-2021,383
KIM,Kimco Realty Corporation,NYSE,22-11-1991,383
LOW,Lowe`s Cos. Inc,NYSE,01-07-1985,383
NVDX,T-REX 2X LONG NVIDIA DAILY TARGET ETF ,BATS,19-10-2023,383
OBDC,Blue Owl Capital Corp,NYSE,18-07-2019,383
OKTA,Okta Inc - Class A,NASDAQ,07-04-2017,383
PAA,Plains All American Pipeline LP,NASDAQ,18-11-1998,383
PCVX,Vaxcyte Inc,NASDAQ,12-06-2020,383
PENN,PENN Entertainment Inc,NASDAQ,26-05-1994,383
PGY,Pagaya Technologies Ltd - Class A,NASDAQ,23-06-2022,383
PSLV,Sprott Physical Silver Trust,NYSE ARCA,29-10-2010,383
QURE,uniQure N.V.,NASDAQ,05-02-2014,383
SHLD,GLOBAL X DEFENSE TECH ETF ,NYSE ARCA,13-09-2023,383
ST,Sensata Technologies Holding Plc,NYSE,11-03-2010,383
STT,State Street Corp,NYSE,09-07-1986,383
TCOM,Trip.com Group Ltd,NASDAQ,09-12-2003,383
TGNA,TEGNA Inc,NYSE,01-07-1985,383
TROX,Tronox Holdings plc - Class A,NYSE,01-12-2010,383
TT,Trane Technologies plc - Class A,NYSE,01-07-1985,383
UL,Unilever plc,NYSE,04-01-1988,383
VOD,Vodafone Group plc,NASDAQ,16-12-1988,383
WEC,WEC Energy Group Inc,NYSE,26-10-1984,383
XRX,Xerox Holdings Corp,NASDAQ,03-01-1977,383
YPF,YPF,NYSE,29-06-1993,383
ZVSA,ZyVersa Therapeutics Inc,NASDAQ,12-12-2022,383
ARE,Alexandria Real Estate Equities Inc,NYSE,28-05-1997,382
ASM,Avino Silver & Gold Mines Ltd,NYSE MKT,21-11-2005,382
BCE,BCE Inc,NYSE,15-11-1982,382
BTSG,BrightSpring Health Services Inc,NASDAQ,26-01-2024,382
CG,Carlyle Group Inc (The),NASDAQ,03-05-2012,382
COR,Cencora Inc,NYSE,04-04-1995,382
CRMD,CorMedix Inc,NASDAQ,13-05-2010,382
CSGP,Costar Group Inc,NASDAQ,01-07-1998,382
CWH,Camping World Holdings Inc - Class A,NYSE,07-10-2016,382
DD,DuPont de Nemours Inc,NYSE,02-01-1962,382
DDL,Dingdong (Cayman) Ltd,NYSE,29-06-2021,382
DECK,Deckers Outdoor Corp,NYSE,15-10-1993,382
DINO,HF Sinclair Corp,NYSE,17-03-1992,382
EQNR,Equinor ASA,NYSE,16-05-2018,382
EXK,Endeavour Silver Corp,NYSE,26-04-2006,382
FANG,Diamondback Energy Inc,NASDAQ,12-10-2012,382
FND,Floor & Decor Holdings Inc - Class A,NYSE,27-04-2017,382
HRL,Hormel Foods Corp,NYSE,02-01-1990,382
ICE,Intercontinental Exchange Inc,NYSE,16-11-2005,382
IREN,Iris Energy Ltd,NASDAQ,17-11-2021,382
KBE,SPDR(R) S&P BANK ETF ,NYSE ARCA,15-11-2005,382
LFST,LifeStance Health Group Inc,NASDAQ,10-06-2021,382
NUE,Nucor Corp,NYSE,01-09-1983,382
PEG,Public Service Enterprise Group Inc,NYSE,02-01-1980,382
PFF,ISHARES PREFERRED AND INCOME SECURITIES ETF ,NASDAQ,30-03-2007,382
PLTK,Playtika Holding Corp,NASDAQ,15-01-2021,382
QDEL,QuidelOrtho Corporation,NASDAQ,03-03-1992,382
QGEN,Qiagen NV,NYSE,28-06-1996,382
QQQM,INVESCO NASDAQ 100 ETF ,NASDAQ,13-10-2020,382
QUBT,Quantum Computing Inc,NASDAQ,01-08-2018,382
RCAT,Red Cat Holdings Inc,NASDAQ,22-09-2017,382
SEE,Sealed Air Corp,NYSE,30-12-1987,382
SPOT,Spotify Technology S.A.,NYSE,03-04-2018,382
SPYV,SPDR(R) PORTFOLIO S&P 500 VALUE ETF ,NYSE ARCA,02-10-2000,382
STNE,StoneCo Ltd - Class A,NASDAQ,25-10-2018,382
SW,Smurfit WestRock plc,NYSE,08-07-2024,382
TGB,Taseko Mines Ltd,NYSE MKT,02-06-1994,382
TRGP,Targa Resources Corp,NYSE,07-12-2010,382
VPL,VANGUARD PACIFIC STOCK INDEX FUND ETF SHARES,NYSE ARCA,10-03-2005,382
VRNS,Varonis Systems Inc,NASDAQ,28-02-2014,382
VT,VANGUARD TOTAL WORLD STOCK INDEX FUND ETF SHARES,NYSE ARCA,26-06-2008,382
WELL,Welltower Inc,NYSE,02-01-2001,382
XEL,Xcel Energy Inc,NASDAQ,24-09-1985,382
XRAY,DENTSPLY Sirona Inc,NASDAQ,25-04-1991,382
YOU,Clear Secure Inc Class A,NYSE,30-06-2021,382
ZI,ZoomInfo Technologies Inc,NASDAQ,04-06-2020,382
CNI,Canadian National Railway Company,NYSE,26-11-1996,381
COLD,Americold Realty Trust Inc,NYSE,19-01-2018,381
COWZ,PACER US CASH COWS 100 ETF ,BATS,19-12-2016,381
DB,Deutsche Bank AG,NYSE,18-11-1996,381
DGRO,ISHARES CORE DIVIDEND GROWTH ETF ,NYSE ARCA,12-06-2014,381
DT,Dynatrace Inc,NYSE,01-08-2019,381
EAT,Brinker International Inc,NYSE,28-07-1989,381
EQH,Equitable Holdings Inc,NYSE,10-05-2018,381
EXAS,Exact Sciences Corp,NASDAQ,01-02-2001,381
FHN,First Horizon Corporation,NYSE,26-03-1990,381
FSLR,First Solar Inc,NASDAQ,17-11-2006,381
GDRX,GoodRx Holdings Inc - Class A,NASDAQ,23-09-2020,381
GGLL,DIREXION DAILY GOOGL BULL 1.5X SHARES ,NASDAQ,07-09-2022,381
JELD,JELD-WEN Holding Inc,NYSE,27-01-2017,381
NOMD,Nomad Foods Ltd,NYSE,04-01-2016,381
NYT,New York Times Co. - Class A,NYSE,03-05-1973,381
PINC,Premier Inc - Class A,NASDAQ,26-09-2013,381
QXO,QXO Inc,NASDAQ,15-03-2012,381
SCHB,SCHWAB U.S. BROAD MARKET ETF ,NYSE ARCA,03-11-2009,381
SDOW,ProShares UltraPro Short Dow30 -3x Shares,NYSE ARCA,11-02-2010,381
SNDX,Syndax Pharmaceuticals Inc,NASDAQ,03-03-2016,381
SPSM,SPDR(R) PORTFOLIO S&P 600 SMALL CAP ETF ,NYSE ARCA,09-07-2013,381
TALO,Talos Energy Inc,NYSE,10-05-2018,381
TER,Teradyne Inc,NASDAQ,11-03-1987,381
TMC,TMC the metals company Inc,NASDAQ,10-09-2021,381
UBS,UBS Group AG,NYSE,21-11-2014,381
WIT,Wipro Ltd,NYSE,19-10-2000,381
YMM,Full Truck Alliance Co Ltd,NYSE,22-06-2021,381
BTBT,Bit Digital Inc,NASDAQ,20-03-2018,380
CNX,CNX Resources Corp,NYSE,30-04-1999,380
FMC,FMC Corp,NYSE,01-07-1985,380
FTI,TechnipFMC plc,NYSE,14-06-2001,380
GNTX,Gentex Corp,NASDAQ,26-03-1990,380
GT,Goodyear Tire & Rubber Company,NASDAQ,02-01-1970,380
GXO,GXO Logistics Inc,NYSE,22-07-2021,380
HSBC,HSBC Holdings plc,NYSE,16-07-1999,380
LBRT,Liberty Energy Inc - Class A,NYSE,11-01-2018,380
MGA,Magna International Inc,NYSE,26-03-1990,380
MGY,Magnolia Oil & Gas Corp - Class A,NYSE,29-06-2017,380
MULN,Mullen Automotive Inc,NASDAQ,17-10-2008,380
PAGS,PagSeguro Digital Ltd - Class A,NYSE,24-01-2018,380
PRGO,Perrigo Company plc,NYSE,17-12-1991,380
ROK,Rockwell Automation Inc,NYSE,31-12-1981,380
SHOO,Steven Madden Ltd,NASDAQ,13-12-1993,380
SNY,Sanofi,NASDAQ,01-07-2002,380
SOXX,ISHARES SEMICONDUCTOR ETF ,NASDAQ,13-07-2001,380
TRP,TC Energy Corporation,NYSE,30-12-1987,380
TSLY,YIELDMAX TSLA OPTION INCOME STRATEGY ETF ,NYSE ARCA,23-11-2022,380
VVV,Valvoline Inc,NYSE,23-09-2016,380
BAM,Brookfield Asset Management Ltd - Class A,NYSE,01-12-2022,379
BFLY,Butterfly Network Inc - Class A,NYSE,13-07-2020,379
CAT,Caterpillar Inc,NYSE,02-01-1962,379
CMS,CMS Energy Corporation,NYSE,31-12-1984,379
CONL,GRANITESHARES 1.5X LONG COIN DAILY ETF ,NASDAQ,09-08-2022,379
DAWN,Day One Biopharmaceuticals Inc,NASDAQ,27-05-2021,379
DFS,Discover Financial Services,NYSE,14-06-2007,379
LAC,Lithium Americas Corp (NewCo),NYSE,02-10-2023,379
MMC,Marsh & McLennan Cos. Inc,NYSE,30-12-1987,379
NOV,NOV Inc,NYSE,29-10-1996,379
NTAP,Netapp Inc,NASDAQ,21-11-1995,379
NVST,Envista Holdings Corp,NYSE,18-09-2019,379
PGR,Progressive Corp,NYSE,09-07-1986,379
REZI,Resideo Technologies Inc,NYSE,15-10-2018,379
ROST,Ross Stores Inc,NASDAQ,09-07-1986,379
TXT,Textron Inc,NYSE,24-10-1984,379
UDOW,PROSHARES ULTRAPRO DOW30 ,NYSE ARCA,11-02-2010,379
ARVN,Arvinas Inc,NASDAQ,27-09-2018,378
BMRN,Biomarin Pharmaceutical Inc,NASDAQ,26-07-1999,378
BRKR,Bruker Corp,NASDAQ,04-08-2000,378
CAH,Cardinal Health Inc,NYSE,31-12-1987,378
CRC,California Resources Corporation - New,NYSE,28-10-2020,378
CRSR,Corsair Gaming Inc,NASDAQ,23-09-2020,378
CURI,CuriosityStream Inc - Class A,NASDAQ,08-01-2020,378
DNA,Ginkgo Bioworks Holdings Inc - Class A,NYSE,19-04-2021,378
EWW,ISHARES MSCI MEXICO ETF ,NYSE ARCA,01-04-1996,378
FAZ,DIREXION DAILY FINANCIAL BEAR 3X SHARES ,NYSE ARCA,19-11-2008,378
GTX,Garrett Motion Inc - New,NASDAQ,17-09-2018,378
HBM,Hudbay Minerals Inc,NYSE,13-02-2009,378
HNST,Honest Company Inc (The ),NASDAQ,04-05-2021,378
LU,Lufax Holding Ltd,NYSE,30-10-2020,378
MBC,MasterBrand Inc,NYSE,09-12-2022,378
MFC,Manulife Financial Corp,NYSE,24-09-1999,378
MKSI,MKS Instruments Inc,NASDAQ,30-03-1999,378
PL,Planet Labs PBC - Class A,NYSE,26-04-2021,378
PNC,PNC Financial Services Group Inc,NYSE,07-09-1988,378
RCL,Royal Caribbean Group,NYSE,28-04-1993,378
SPDW,SPDR(R) PORTFOLIO DEVELOPED WORLD EX-US ETF ,NYSE ARCA,26-04-2007,378
SSO,PROSHARES ULTRA S&P500 ,NYSE ARCA,21-06-2006,378
SVIX,1x Short VIX Futures ETF,BATS,30-03-2022,378
SWTX,SpringWorks Therapeutics Inc,NASDAQ,13-09-2019,378
TGTX,TG Therapeutics Inc,NASDAQ,03-05-2010,378
TTEK,Tetra Tech Inc,NASDAQ,17-12-1991,378
TTWO,Take-Two Interactive Software Inc,NASDAQ,15-04-1997,378
ULTY,YIELDMAX ULTRA OPTION INCOME STRATEGY ETF ,NYSE ARCA,29-02-2024,378
VSCO,Victoria`s Secret & Company,NYSE,21-07-2021,378
WM,Waste Management Inc,NYSE,30-09-1991,378
BKLN,INVESCO SENIOR LOAN ETF ,NYSE ARCA,03-03-2011,377
BLDR,Builders Firstsource Inc,NYSE,28-06-2005,377
CERT,Certara Inc,NASDAQ,11-12-2020,377
CHPT,ChargePoint Holdings Inc - Class A,NYSE,16-09-2019,377
CORT,Corcept Therapeutics Inc,NASDAQ,14-04-2004,377
CPB,Campbell Soup Company,NYSE,01-07-1985,377
CUK,Carnival plc,NYSE,23-10-2000,377
DOCU,DocuSign Inc,NASDAQ,27-04-2018,377
ENVX,Enovix Corporation,NASDAQ,05-01-2021,377
FITB,Fifth Third Bancorp,NASDAQ,26-03-1990,377
FLUT,Flutter Entertainment Plc,NYSE,05-10-2017,377
MAGN,Magnera Corp,NYSE,16-05-1984,377
MAS,Masco Corp,NYSE,10-06-1983,377
MUFG,Mitsubishi UFJ Financial Group Inc,NYSE,02-04-2001,377
NFE,New Fortress Energy Inc - Class A,NASDAQ,31-01-2019,377
PAVE,GLOBAL X U.S. INFRASTRUCTURE DEVELOPMENT ETF ,BATS,08-03-2017,377
PFGC,Performance Food Group Company,NYSE,01-10-2015,377
PHYS,Sprott Physical Gold Trust,NYSE ARCA,26-02-2010,377
SPMO,INVESCO S&P 500 MOMENTUM ETF ,NYSE ARCA,12-10-2015,377
UGI,UGI Corp,NYSE,05-01-1988,377
VOYA,Voya Financial Inc,NYSE,02-05-2013,377
APLE,Apple Hospitality REIT Inc,NYSE,18-05-2015,376
BHVN,Biohaven Ltd,NYSE,23-09-2022,376
BNDX,VANGUARD TOTAL INTERNATIONAL BOND INDEX FUND ETF SHARES,NASDAQ,04-06-2013,376
BRFS,BRF S.A.,NYSE,02-01-2001,376
BRO,Brown & Brown Inc,NYSE,03-03-1992,376
DAR,Darling Ingredients Inc,NYSE,09-09-1994,376
DK,Delek US Holdings Inc,NYSE,04-05-2006,376
DLTR,Dollar Tree Inc,NASDAQ,09-03-1995,376
EAF,GrafTech International Ltd,NYSE,19-04-2018,376
EMB,iShares J.P. Morgan USD Emerging Markets Bond ETF,NASDAQ,19-12-2007,376
ERJ,Embraer S.A.,NYSE,21-07-2000,376
ETHA,iShares Ethereum Trust (The),NASDAQ,23-07-2024,376
HP,Helmerich & Payne Inc,NYSE,15-10-1980,376
HRB,H&R Block Inc,NYSE,12-11-1986,376
PFG,Principal Financial Group Inc,NASDAQ,23-10-2001,376
SAND,Sandstorm Gold Ltd,NYSE,29-05-2009,376
SPLV,INVESCO S&P 500 LOW VOLATILITY ETF ,NYSE ARCA,05-05-2011,376
TAL,TAL Education Group,NYSE,20-10-2010,376
TIGR,UP Fintech Holding Ltd,NASDAQ,20-03-2019,376
TOVX,Theriva Biologics Inc,NYSE MKT,18-12-2006,376
UNG,United States Natural Gas Fund,NYSE ARCA,18-04-2007,376
DUST,Direxion Daily Gold Miners Index Bear -2X Shares,NYSE ARCA,08-12-2010,375
EPP,ISHARES MSCI PACIFIC EX JAPAN ETF ,NYSE ARCA,26-10-2001,375
FNB,F.N.B. Corp,NYSE,04-03-1993,375
FOXO,FOXO Technologies Inc - Class A,NYSE MKT,29-01-2021,375
GSBD,Goldman Sachs BDC Inc,NYSE,18-03-2015,375
ITOT,ISHARES CORE S&P TOTAL U.S. STOCK MARKET ETF ,NYSE ARCA,23-01-2004,375
IVW,ISHARES S&P 500 GROWTH ETF ,NYSE ARCA,26-05-2000,375
LMND,Lemonade Inc,NYSE,02-07-2020,375
LUNR,Intuitive Machines Inc - Class A,NASDAQ,17-11-2021,375
PARR,Par Pacific Holdings Inc,NYSE,05-09-2012,375
PSQ,ProShares Short QQQ -1x Shares,NYSE ARCA,21-06-2006,375
PSX,Phillips 66,NYSE,12-04-2012,375
RXO,RXO Inc,NYSE,27-10-2022,375
STZ,Constellation Brands Inc - Class A,NYSE,17-03-1992,375
TAK,Takeda Pharmaceutical Company,NYSE,27-10-2008,375
TDC,Teradata Corp,NYSE,01-10-2007,375
UTZ,Utz Brands Inc - Class A,NYSE,26-11-2018,375
VGSH,VANGUARD SHORT-TERM TREASURY INDEX FUND ETF SHARES,NASDAQ,23-11-2009,375
VYM,VANGUARD HIGH DIVIDEND YIELD INDEX FUND ETF SHARES,NYSE ARCA,16-11-2006,375
ZM,Zoom Video Communications Inc - Class A,NASDAQ,18-04-2019,375
AQN,Algonquin Power & Utilities Corp,NYSE,10-11-2009,374
BILL,BILL Holdings Inc,NYSE,12-12-2019,374
CALF,PACER US SMALL CAP CASH COWS 100 ETF ,BATS,19-06-2017,374
CHRW,C.H. Robinson Worldwide Inc,NASDAQ,16-10-1997,374
CROX,Crocs Inc,NASDAQ,08-02-2006,374
CWAN,Clearwater Analytics Holdings Inc Class A,NYSE,24-09-2021,374
ENR,Energizer Holdings Inc,NYSE,27-03-2000,374
FTRE,Fortrea Holdings Inc,NASDAQ,07-07-2023,374
GFS,GlobalFoundries Inc,NASDAQ,28-10-2021,374
ILMN,Illumina Inc,NASDAQ,28-07-2000,374
JKHY,Jack Henry & Associates Inc,NASDAQ,26-03-1990,374
KBR,KBR Inc,NYSE,16-11-2006,374
LDOS,Leidos Holdings Inc,NYSE,13-10-2006,374
LIVN,LivaNova PLC,NASDAQ,19-10-2015,374
MIR,Mirion Technologies Inc - Class A,NYSE,20-08-2020,374
ORC,Orchid Island Capital Inc,NYSE,14-02-2013,374
RVMD,Revolution Medicines Inc,NASDAQ,13-02-2020,374
SERV,Serve Robotics Inc,NASDAQ,07-03-2024,374
SHO,Sunstone Hotel Investors Inc,NYSE,21-10-2004,374
TSLS,DIREXION DAILY TSLA BEAR 1X SHARES ,NASDAQ,09-08-2022,374
VIK,Viking Holdings Ltd,NYSE,01-05-2024,374
ASHR,XTRACKERS HARVEST CSI 300 CHINA A-SHARES ETF ,NYSE ARCA,06-11-2013,373
DRI,Darden Restaurants Inc,NYSE,09-05-1995,373
EFV,ISHARES MSCI EAFE VALUE ETF ,BATS,05-08-2005,373
EQR,Equity Residential Properties Trust,NYSE,12-08-1993,373
FLO,Flowers Foods Inc,NYSE,05-11-1987,373
FNF,Fidelity National Financial Inc,NYSE,14-10-2005,373
FRSH,Freshworks Inc Class A,NASDAQ,22-09-2021,373
HSAI,Hesai Group,NASDAQ,09-02-2023,373
HSY,Hershey Company,NYSE,01-07-1985,373
ING,ING Groep N.V.,NYSE,18-11-1996,373
IWD,ISHARES RUSSELL 1000 VALUE ETF ,NYSE ARCA,26-05-2000,373
MODG,Topgolf Callaway Brands Corp,NYSE,28-02-1992,373
OLN,Olin Corp,NYSE,30-12-1987,373
PPG,PPG Industries Inc,NYSE,06-04-1983,373
RWM,PROSHARES SHORT RUSSELL2000 ,NYSE ARCA,25-01-2007,373
VCSH,VANGUARD SHORT-TERM CORPORATE BOND INDEX FUND ETF SHARES,NASDAQ,23-11-2009,373
AMX,America Movil S.A.B.DE C.V.,NYSE,08-02-2001,372
ASB,Associated Banc-Corp,NYSE,07-09-1984,372
BIRK,Birkenstock Holding Plc,NYSE,11-10-2023,372
CRK,Comstock Resources Inc,NYSE,26-03-1990,372
CYH,Community Health Systems Inc,NYSE,09-06-2000,372
DEI,Douglas Emmett Inc,NYSE,25-10-2006,372
ECX,ECARX Holdings Inc - Class A,NASDAQ,20-12-2022,372
ELS,Equity Lifestyle Properties Inc,NYSE,25-02-1993,372
EPC,Edgewell Personal Care Company,NYSE,27-03-2000,372
FRO,Frontline Plc,NYSE,06-08-2001,372
HOG,Harley-Davidson Inc,NYSE,05-11-1987,372
IBKR,Interactive Brokers Group Inc - Class A,NASDAQ,04-05-2007,372
KMT,Kennametal Inc,NYSE,05-11-1987,372
LEVI,Levi Strauss & Co. Cls A,NYSE,21-03-2019,372
LNT,Alliant Energy Corp,NASDAQ,05-01-1988,372
NVT,nVent Electric plc,NYSE,30-04-2018,372
PHM,PulteGroup Inc,NYSE,01-07-1985,372
RC,Ready Capital Corp,NYSE,08-02-2013,372
RRC,Range Resources Corp,NYSE,28-12-1992,372
SABR,Sabre Corp,NASDAQ,17-04-2014,372
SBIT,PROSHARES ULTRASHORT BITCOIN ETF ,NYSE ARCA,02-04-2024,372
STWD,Starwood Property Trust Inc,NYSE,12-08-2009,372
TEL,TE Connectivity plc,NYSE,14-06-2007,372
TS,Tenaris S.A.,NYSE,16-12-2002,372
DNLI,Denali Therapeutics Inc,NASDAQ,08-12-2017,371
GDXD,Bank of Montreal,NYSE ARCA,03-12-2020,371
GNW,Genworth Financial Inc - Class A,NYSE,25-05-2004,371
HAS,Hasbro Inc,NASDAQ,18-12-1984,371
IQLT,ISHARES MSCI INTL QUALITY FACTOR ETF ,NYSE ARCA,15-01-2015,371
ITW,Illinois Tool Works Inc,NYSE,05-11-1987,371
JHG,Janus Henderson Group plc,NYSE,26-06-2000,371
LNG,Cheniere Energy Inc,NYSE MKT,04-04-1994,371
MLCO,Melco Resorts & Entertainment Ltd,NASDAQ,19-12-2006,371
NOG,Northern Oil and Gas Inc,NYSE,13-04-2007,371
PTCT,PTC Therapeutics Inc,NASDAQ,20-06-2013,371
SHY,ISHARES 1-3 YEAR TREASURY BOND ETF ,NASDAQ,26-07-2002,371
STAG,STAG Industrial Inc,NYSE,15-04-2011,371
UCO,ProShares Ultra Bloomberg Crude Oil 2x Shares,NYSE ARCA,25-11-2008,371
VCIT,VANGUARD INTERMEDIATE-TERM CORPORATE BOND INDEX FUND ETF SHARES,NASDAQ,23-11-2009,371
WRB,W.R. Berkley Corp,NYSE,07-09-1984,371
COMM,CommScope Holding Company Inc,NASDAQ,25-10-2013,370
DJT,Trump Media & Technology Group Corp,NASDAQ,30-09-2021,370
DTM,DT Midstream Inc,NYSE,01-07-2021,370
EMXC,ISHARES MSCI EMERGING MARKETS EX CHINA ETF ,NASDAQ,26-07-2017,370
EWP,ISHARES MSCI SPAIN ETF ,NYSE ARCA,01-04-1996,370
FIVE,Five Below Inc,NASDAQ,19-07-2012,370
FNGB,FIRST NORTHERN CAPITAL CORP,NASDAQ,20-02-2025,370
G,Genpact Ltd,NYSE,02-08-2007,370
HTGC,Hercules Capital Inc,NYSE,09-06-2005,370
LHX,L3Harris Technologies Inc,NYSE,31-12-1981,370
MBB,ISHARES MBS ETF ,NASDAQ,16-03-2007,370
MBLY,Mobileye Global Inc - Class A,NASDAQ,26-10-2022,370
MFG,Mizuho Financial Group Inc,NYSE,08-11-2006,370
MRC,MRC Global Inc,NYSE,12-04-2012,370
NVS,Novartis AG,NYSE,07-11-1996,370
OUT,Outfront Media Inc,NYSE,28-03-2014,370
PHIO,Phio Pharmaceuticals Corp,NASDAQ,10-05-2012,370
PII,Polaris Inc,NYSE,16-09-1987,370
PLTD,Direxion Daily PLTR Bear 1X Shares,NASDAQ,11-12-2024,370
SBRA,Sabra Healthcare REIT Inc,NASDAQ,02-04-2002,370
SCHA,SCHWAB U.S. SMALL-CAP ETF ,NYSE ARCA,03-11-2009,370
SCHH,Schwab U.S. REIT ETF,NYSE ARCA,13-01-2011,370
SEAT,Vivid Seats Inc - Class A,NASDAQ,12-10-2020,370
SGOL,abrdn Physical Gold Shares ETF,NYSE ARCA,09-09-2009,370
TECL,DIREXION DAILY TECHNOLOGY BULL 3X SHARES ,NYSE ARCA,30-12-2008,370
TLH,ISHARES 10-20 YEAR TREASURY BOND ETF ,NYSE ARCA,11-01-2007,370
TV,Grupo Televisa SAB,NYSE,14-12-1993,370
ULS,UL Solutions Inc - Class A,NYSE,12-04-2024,370
UMAC,Unusual Machines Inc,NYSE MKT,14-02-2024,370
XME,SPDR(R) S&P(R) METALS & MINING ETF ,NYSE ARCA,22-06-2006,370
ARR,ARMOUR Residential REIT Inc,NYSE,03-12-2007,369
BZ,Kanzhun Ltd,NASDAQ,11-06-2021,369
CLX,Clorox Company,NYSE,21-03-1983,369
DRH,Diamondrock Hospitality Company,NYSE,26-05-2005,369
EPI,WISDOMTREE INDIA EARNINGS FUND ,NYSE ARCA,26-02-2008,369
EXPE,Expedia Group Inc,NASDAQ,21-07-2005,369
HCA,HCA Healthcare Inc,NYSE,10-03-2011,369
HLX,Helix Energy Solutions Group Inc,NYSE,01-07-1997,369
HR,Healthcare Realty Trust Inc,NYSE,27-05-1993,369
IRM,Iron Mountain Inc,NYSE,01-02-1996,369
LW,Lamb Weston Holdings Inc,NYSE,10-11-2016,369
NAT,Nordic American Tankers Ltd,NYSE,30-09-1997,369
NCNA,NuCana plc,NASDAQ,28-09-2017,369
NCNO,Ncino Inc,NASDAQ,14-07-2020,369
RLJ,RLJ Lodging Trust,NYSE,11-05-2011,369
SFM,Sprouts Farmers Market Inc,NASDAQ,01-08-2013,369
SLDB,Solid Biosciences Inc,NASDAQ,26-01-2018,369
SVXY,ProShares Short VIX Short-Term Futures ETF -1x Shares,BATS,04-10-2011,369
VIAV,Viavi Solutions Inc,NASDAQ,04-08-2015,369
AZTA,Azenta Inc,NASDAQ,02-02-1995,368
FARO,Faro Technologies Inc,NASDAQ,18-09-1997,368
FBND,FIDELITY TOTAL BOND ETF ,NYSE ARCA,09-10-2014,368
FUTU,Futu Holdings Ltd,NASDAQ,08-03-2019,368
GLL,ProShares UltraShort Gold -2x Shares,NYSE ARCA,28-12-2006,368
HEPA,Hepion Pharmaceuticals Inc,NASDAQ,11-02-2014,368
INSM,Insmed Inc,NASDAQ,01-06-2000,368
JWN,Nordstrom Inc,NYSE,09-07-1986,368
LEG,Leggett & Platt Inc,NYSE,05-11-1987,368
MGNI,Magnite Inc,NASDAQ,02-04-2014,368
NNE,Nano Nuclear Energy Inc,NASDAQ,08-05-2024,368
PACB,Pacific Biosciences of California Inc,NASDAQ,27-10-2010,368
PDBC,INVESCO OPTIMUM YIELD DIVERSIFIED COMMODITY STRATEGY NO K-1 ETF ,NASDAQ,07-11-2014,368
RLAY,Relay Therapeutics Inc,NASDAQ,16-07-2020,368
ROIV,Roivant Sciences Ltd,NASDAQ,01-10-2021,368
SCHP,SCHWAB U.S. TIPS ETF ,NYSE ARCA,05-08-2010,368
SHAK,Shake Shack Inc - Class A,NYSE,30-01-2015,368
SPYU,Bank of Montreal,NYSE ARCA,04-12-2023,368
SSNC,SS&C Technologies Holdings Inc,NASDAQ,31-03-2010,368
TROW,T. Rowe Price Group Inc,NASDAQ,13-09-1989,368
TTI,Tetra Technologies Inc,NYSE,03-04-1990,368
YMAX,YieldMax Universe Fund of Option Income ETFs,NYSE ARCA,17-01-2024,368
APD,Air Products & Chemicals Inc,NYSE,06-04-1983,367
ARKG,ARK GENOMIC REVOLUTION ETF ,BATS,31-10-2014,367
DFAC,DIMENSIONAL U.S. CORE EQUITY 2 ETF ,NYSE ARCA,14-06-2021,367
DLR,Digital Realty Trust Inc,NYSE,29-10-2004,367
FIGS,Figs Inc - Class A,NYSE,27-05-2021,367
GTES,Gates Industrial Corporation plc,NYSE,25-01-2018,367
INTR,Inter & Co Inc - Class A,NASDAQ,23-06-2022,367
MAR,Marriott International Inc - Class A,NASDAQ,13-10-1993,367
NVDQ,T-REX 2X INVERSE NVIDIA DAILY TARGET ETF ,BATS,19-10-2023,367
OC,Owens Corning,NYSE,01-11-2006,367
PBI,Pitney Bowes Inc,NYSE,01-06-1972,367
SBS,Companhia de Saneamento Basico do Estado de Sao Paulo.,NYSE,10-05-2002,367
SPHQ,Invesco S&P 500 Quality ETF,NYSE ARCA,06-12-2005,367
VLTO,Veralto Corp,NYSE,02-10-2023,367
BNTX,BioNTech SE,NASDAQ,10-10-2019,366
ETNB,89bio Inc,NASDAQ,11-11-2019,366
KT,KT Corporation,NYSE,26-05-1999,366
ORI,Old Republic International Corp,NYSE,26-03-1990,366
PVH,PVH Corp,NYSE,10-07-1987,366
RGNX,Regenxbio Inc,NASDAQ,17-09-2015,366
SAP,Sap SE,NYSE,18-09-1995,366
URBN,Urban Outfitters Inc,NASDAQ,09-11-1993,366
WERN,Werner Enterprises Inc,NASDAQ,26-03-1990,366
WH,Wyndham Hotels & Resorts Inc,NYSE,21-05-2018,366
WSM,Williams-Sonoma Inc,NYSE,26-03-1990,366
AON,Aon plc. - Class A,NYSE,07-09-1984,365
ARES,Ares Management Corp - Class A,NYSE,02-05-2014,365
BNS,Bank Of Nova Scotia,NYSE,13-09-1999,365
CENX,Century Aluminum Company,NASDAQ,29-03-1996,365
CEP,Cantor Equity Partners Inc - Class A,NASDAQ,13-08-2024,365
ELF,e.l.f. Beauty Inc,NYSE,22-09-2016,365
EPAM,EPAM Systems Inc,NYSE,08-02-2012,365
EWH,ISHARES MSCI HONG KONG ETF ,NYSE ARCA,01-04-1996,365
FERG,Ferguson Plc.,NYSE,05-01-2010,365
GLOB,Globant S.A.,NYSE,18-07-2014,365
IAC,IAC Inc - New,NASDAQ,19-01-1993,365
JMIA,Jumia Technologies Ag,NYSE,12-04-2019,365
LFMD,LifeMD Inc,NASDAQ,02-01-2001,365
NXT,Nextracker Inc - Class A,NASDAQ,09-02-2023,365
OPFI,OppFi Inc - Class A,NYSE,20-11-2020,365
RBA,RB Global Inc,NYSE,10-03-1998,365
SM,SM Energy Company,NYSE,21-12-1992,365
SPHY,SPDR PORTFOLIO HIGH YIELD BOND ETF ,NYSE ARCA,19-06-2012,365
TD,Toronto Dominion Bank,NYSE,30-08-1996,365
THC,Tenet Healthcare Corp,NYSE,04-01-1982,365
TPG,TPG Inc - Class A,NASDAQ,13-01-2022,365
UNIT,Uniti Group Inc,NASDAQ,20-04-2015,365
BIZD,VANECK BDC INCOME ETF ,NYSE ARCA,12-02-2013,364
CGON,Cg Oncology Inc,NASDAQ,25-01-2024,364
CIG,Cia Energetica DE Minas Gerais - Cemig,NYSE,18-11-1996,364
GEVO,Gevo Inc,NASDAQ,09-02-2011,364
H,Hyatt Hotels Corporation - Class A,NYSE,05-11-2009,364
HLF,Herbalife Ltd,NYSE,16-12-2004,364
IAUX,i80 Gold Corp,NYSE MKT,22-04-2021,364
IRWD,Ironwood Pharmaceuticals Inc - Class A,NASDAQ,03-02-2010,364
MKC,McCormick & Co. Inc (Non Voting),NYSE,26-03-1990,364
MTB,M & T Bank Corp,NYSE,04-10-1991,364
NN,NextNav Inc,NASDAQ,28-10-2021,364
NUVB,Nuvation Bio Inc - Class A,NYSE,24-08-2020,364
PSNY,Polestar Automotive Holding UK PLC,NASDAQ,24-06-2022,364
RNA,Avidity Biosciences Inc,NASDAQ,12-06-2020,364
SJNK,SPDR BLOOMBERG SHORT TERM HIGH YIELD BOND ETF ,NYSE ARCA,15-03-2012,364
VTEX,Vtex - Class A,NYSE,21-07-2021,364
ASAN,Asana Inc - Class A,NYSE,30-09-2020,363
BITU,PROSHARES ULTRA BITCOIN ETF ,NYSE ARCA,02-04-2024,363
CMA,Comerica Inc,NYSE,26-03-1990,363
COLB,Columbia Banking System Inc,NASDAQ,16-06-1992,363
FEZ,SPDR(R) EURO STOXX 50(R) ETF ,NYSE ARCA,21-10-2002,363
FTAI,FTAI Aviation Ltd - Class A,NASDAQ,15-05-2015,363
KC,Kingsoft Cloud Holdings Ltd,NASDAQ,08-05-2020,363
KLIC,Kulicke & Soffa Industries Inc,NASDAQ,26-03-1990,363
NOW,ServiceNow Inc,NYSE,29-06-2012,363
NVTS,Navitas Semiconductor Corp,NASDAQ,25-01-2021,363
NXPI,NXP Semiconductors NV,NASDAQ,06-08-2010,363
TAC,Transalta Corp,NYSE,31-07-2001,363
TREX,TREX Co. Inc,NYSE,08-04-1999,363
TSLR,GRANITESHARES 2X LONG TSLA DAILY ETF ,NASDAQ,22-08-2023,363
TTE,TotalEnergies SE,NYSE,25-10-1991,363
VZLA,Vizsla Silver Corp (New Shares),NYSE MKT,21-06-2024,363
WLK,Westlake Corporation,NYSE,11-08-2004,363
XYL,Xylem Inc,NYSE,13-10-2011,363
